Modelo,Balanceo,ROC,GINI
GLM,sin SMOTE,0.8065827432467874,0.6131654864935747
Boosting,sin SMOTE,0.9101663482072608,0.8203326964145217
DeepLearning,sin SMOTE,0.9023266269529053,0.8046532539058107
RandomForest,sin SMOTE,0.9224738675958188,0.8449477351916377
GLM,con SMOTE,0.8020400134876925,0.604080026975385
Boosting,con SMOTE,0.9097542242703534,0.8195084485407067
DeepLearning,con SMOTE,0.917668877149601,0.835337754299202
RandomForest,con SMOTE,0.901914503015998,0.8038290060319959
