Modelo,Sensibilidad,ROC,GINI
KNN_Base,0.9545454545454546,0.9905956112852664,0.9811912225705328
Naive Bayes_Base,0.8181818181818182,0.9843260188087775,0.9686520376175549
KNN_SMOTE,0.9545454545454546,0.9890282131661441,0.9780564263322882
Naive Bayes_SMOTE,0.9090909090909091,0.9843260188087775,0.9686520376175549
KNN_Oversampling,0.9545454545454546,0.9776645768025078,0.9553291536050157
Naive Bayes_Oversampling,0.9090909090909091,0.9843260188087775,0.9686520376175549
KNN_Undersampling,0.9545454545454546,0.97923197492163,0.9584639498432601
Naive Bayes_Oversampling,0.9545454545454546,0.9843260188087775,0.9686520376175549
